message_id,time,sender,title,url,content,source_group,source_id,reply_to
1718,1/29/2026 16:43,gogo00300,,https://x.com/i/status/2015240879704076452,[媒体内容] https://x.com/i/status/2015240879704076452,x video,-5204811810,
1719,1/29/2026 16:51,gogo00300,,https://x.com/i/status/2016490476350611841,[媒体内容] https://x.com/i/status/2016490476350611841,x video,-5204811810,
1720,1/29/2026 16:52,gogo00300,,https://x.com/i/status/2016640741137928607,[媒体内容] https://x.com/i/status/2016640741137928607,x video,-5204811810,
1723,1/29/2026 17:00,gogo00300,,https://x.com/i/status/2016542131452883057,[媒体内容] https://x.com/i/status/2016542131452883057,x video,-5204811810,
1724,1/29/2026 17:00,gogo00300,,https://x.com/i/status/2016608928189264059,[媒体内容] https://x.com/i/status/2016608928189264059,x video,-5204811810,
1726,1/29/2026 17:11,gogo00300,,https://x.com/i/status/2016549653425115515,[媒体内容] https://x.com/i/status/2016549653425115515,x video,-5204811810,
1728,1/29/2026 17:13,gogo00300,,https://x.com/i/status/2016279576251363337,[媒体内容] https://x.com/i/status/2016279576251363337,x video,-5204811810,
1731,1/29/2026 17:22,gogo00300,,https://x.com/i/status/2016507012633255941,[媒体内容] https://x.com/i/status/2016507012633255941,x video,-5204811810,
1753,1/31/2026 19:20,gogo00300,,https://x.com/i/status/2017381924587925655,[媒体内容] https://x.com/i/status/2017381924587925655,x video,-5204811810,
1754,1/31/2026 19:21,gogo00300,,https://x.com/i/status/2017448599794421806,[媒体内容] https://x.com/i/status/2017448599794421806,x video,-5204811810,
1755,1/31/2026 19:22,gogo00300,,https://x.com/i/status/2017443448027062712,[媒体内容] https://x.com/i/status/2017443448027062712,x video,-5204811810,
1968,2/10/2026 19:22,gogo00300,,https://x.com/i/status/1932787608893190160,[媒体内容] https://x.com/i/status/1932787608893190160,x video,-5204811810,
1979,2026-02-10 02:22:39,gogo00300,Atif Hussain (@AtifHussainOG) on X,https://x.com/i/status/2020852687818940572,[媒体内容] https://x.com/i/status/2020852687818940572,x video,-5204811810,
1980,2026-02-10 02:23:37,gogo00300,Julian Goldie SEO (@JulianGoldieSEO) on X,https://x.com/i/status/2020901706251518055,[媒体内容] https://x.com/i/status/2020901706251518055,x video,-5204811810,
